{"cameraMode":{"drawMode":0,"name":"Shaded","section":"Shading Mode"},"sceneLighting":false,"audioPlay":false,"sceneViewState":{"showFog":true,"showMaterialUpdate":false,"showSkybox":false,"showFlares":true,"showImageEffects":true,"showParticleSystems":true},"in2DMode":false,"pivot":{"x":43.8291015625,"y":252.73681640625,"z":710.9013671875},"rotation":{"x":-0.06996484100818634,"y":-0.8004277944564819,"z":0.09529655426740647,"w":-0.5876553654670715},"size":8.99730396270752,"orthographic":true}